{
  "summary" : "SYSC2004 (WN2021) - Lab 6",
  "title" : "Lab 6 - More Inheritance and Composition, Polymorphism",
  "authors" : [
    "MK"
  ],
  "programming_language" : "JAVA",
  "language" : "en",
  "course_type" : "PyCharm",
  "items" : [
    {
      "title" : "1.0 Polymorphism Basics",
      "task_list" : [
        {
          "choiceOptions" : [
            {
              "text" : "parent, parent, parent",
              "status" : "INCORRECT"
            },
            {
              "text" : "It will throw a TypeError because we did not include an @override in the Child and Parent classes.",
              "status" : "INCORRECT"
            },
            {
              "text" : "parent, child, parent",
              "status" : "CORRECT"
            }
          ],
          "isMultipleChoice" : false,
          "name" : "1.1",
          "files" : {
            "src/Child.java" : {
              "name" : "src/Child.java",
              "placeholders" : [ ],
              "is_visible" : true,
              "text" : "public class Child extends Parent {\n    public void aMethod() {\n        System.out.println(\"child\");\n    }\n}\n"
            },
            "src/Main.java" : {
              "name" : "src/Main.java",
              "placeholders" : [ ],
              "is_visible" : true,
              "text" : "public class Main {\n   public static void main(String[] args) {\n\n      Parent[] parentArray = {new Parent(), new Child(), new Parent()};\n\n      for (Parent p : parentArray) {\n         p.aMethod();\n      }\n   }\n}"
            },
            "src/Parent.java" : {
              "name" : "src/Parent.java",
              "placeholders" : [ ],
              "is_visible" : true,
              "text" : "public class Parent {\n    public void aMethod() {\n        System.out.println(\"parent\");\n    }\n}\n"
            }
          },
          "description_text" : "<html>\n<head>\n    <style type =\"text/css\">\n       .footer{\n           position: fixed;\n           text-align: left;\n           line-height: 1.5;\n           bottom: 0px;\n           left: 5px;\n           width: 100%;\n       }\n        </style>\n    <style type =\"text/css\">\n       .body {\n           padding-bottom: 200px;\n       }\n    </style>\n</head>\n<body>\n<div class=\"body\">\n    <h1>Lab 6 - More Inheritance and Composition, Polymorphism</h1>\n    <p>Authors: <strong>Martin Klamrowski</strong>, <strong>Cristina Ruiz Martin</strong></p>\n    <p>Relevant textbook reading - <strong>Chapter 7</strong> (The Object Oriented Thought Process)</p>\n    <h3>~1.0 Polymorphism Basics~</h3>\n    <p>\n        This lab will be an introduction to polymorphism in Java. It will also provide more practice in inheritance and\n        composition. Lab 7 will provide more detail and more advanced concepts relating to polymorphism in Java.\n    </p>\n    <p>\n        In Java, polymorphism is mainly achieved via <strong>method overloading</strong> and\n        <strong>method overriding</strong>. What does this mean? At a high level, polymorphism refers to an object's\n        ability to take on \"many forms\". I.e., an object of a particular class can also behave as if it were a member of\n        another class.\n    </p>\n    <h3>~Task 1.1~</h3>\n    <p>\n        How can an object behave like two different classes? This is where inheritance comes into the equation. An\n        object can only share behaviour with another class in its inheritance hierarchy.\n    </p>\n    <p>\n        In <code>Main.java</code> there is an array containing several objects, of type Parent and Child. What do you\n        think the code will produce as output?\n    </p>\n    <p>\n        Answer the MC question below.\n    </p>\n</div>\n\n</body>\n<div class=\"footer\">\n    <p>\n        <strong>Question:</strong> What will the code in <code>Main.java</code> produce?\n    </p>\n</div>\n\n</html>",
          "description_format" : "HTML",
          "feedback_link" : {
            "link_type" : "STEPIK"
          },
          "task_type" : "choice"
        },
        {
          "choiceOptions" : [
            {
              "text" : "There would be a runtime error upon reaching the Child object in the loop (because Child would not have <code>aMethod()</code>).",
              "status" : "INCORRECT"
            },
            {
              "text" : "There would be a compilation error because Child must implement all methods in its superclass.",
              "status" : "INCORRECT"
            },
            {
              "text" : "There would be a compilation error because <code>parentArray</code> would no longer be able to hold the Child object.",
              "status" : "INCORRECT"
            },
            {
              "text" : "The code will print \"parent\" three times.",
              "status" : "CORRECT"
            }
          ],
          "isMultipleChoice" : false,
          "name" : "1.2",
          "files" : {
            "src/Child.java" : {
              "name" : "src/Child.java",
              "placeholders" : [ ],
              "is_visible" : true,
              "text" : "public class Child extends Parent {\n    public void aMethod() {\n        System.out.println(\"child\");\n    }\n}\n"
            },
            "src/Main.java" : {
              "name" : "src/Main.java",
              "placeholders" : [ ],
              "is_visible" : true,
              "text" : "public class Main {\n   public static void main(String[] args) {\n\n      Parent[] parentArray = {new Parent(), new Child(), new Parent()};\n\n      for (Parent p : parentArray) {\n         p.aMethod();\n      }\n   }\n}"
            },
            "src/Parent.java" : {
              "name" : "src/Parent.java",
              "placeholders" : [ ],
              "is_visible" : true,
              "text" : "public class Parent {\n    public void aMethod() {\n        System.out.println(\"parent\");\n    }\n}\n"
            }
          },
          "description_text" : "<html>\n<head>\n    <style type =\"text/css\">\n       .footer{\n           position: fixed;\n           text-align: left;\n           line-height: 1.5;\n           bottom: 0px;\n           left: 5px;\n           width: 100%;\n       }\n        </style>\n    <style type =\"text/css\">\n       .body {\n           padding-bottom: 200px;\n       }\n    </style>\n</head>\n<body>\n<div class=\"body\">\n    <h1>Lab 6 - More Inheritance and Composition, Polymorphism</h1>\n    <p>Authors: <strong>Martin Klamrowski</strong>, <strong>Cristina Ruiz Martin</strong></p>\n    <p>Relevant textbook reading - <strong>Chapter 7</strong> (The Object Oriented Thought Process)</p>\n    <h3>~1.0 Polymorphism Basics~</h3>\n    <p>\n        This lab will be an introduction to polymorphism in Java. It will also provide more practice in inheritance and\n        composition. Lab 7 will provide more detail and more advanced concepts relating to polymorphism in Java.\n    </p>\n    <p>\n        In Java, polymorphism is mainly achieved via <strong>method overloading</strong> and\n        <strong>method overriding</strong>. What does this mean? At a high level, polymorphism refers to an object's\n        ability to take on \"many forms\". I.e., an object of a particular class can also behave as if it were a member of\n        another class.\n    </p>\n    <h3>~Task 1.2~</h3>\n    <p>\n        The example in 1.1 is the essence of polymorphism. Even though one object is a Child instance, we can treat all\n        of the objects in the array as instances of Parent (given by the array type). And, by overriding methods\n        in Parent, we can draw out the behaviour specific to instances of Child. In this case, Child overrode\n        <code>Parent.aMethod()</code> with its own implementation (behaviour).\n    </p>\n    <p>\n        Answer the MC question below.\n    </p>\n</div>\n\n</body>\n<div class=\"footer\">\n    <p>\n        <strong>Question:</strong> What would happen if you removed <code>aMethod()</code> from the Child class and ran\n        the code again?\n    </p>\n</div>\n\n</html>",
          "description_format" : "HTML",
          "feedback_link" : {
            "link_type" : "STEPIK"
          },
          "task_type" : "choice"
        },
        {
          "name" : "1.3",
          "files" : {
            "src/Main.java" : {
              "name" : "src/Main.java",
              "placeholders" : [ ],
              "is_visible" : true,
              "text" : "public class Main {\n   public static void main(String[] args) {\n\n      Parent[] parentArray = {\n              new Parent(\"Jim\"),\n              new Child(\"Kevin\", \"Count Seconds\"),\n              new Child(\"Jeanine\", \"Ski\"),\n              new Parent(\"Maurice\")};\n\n      for (Parent p : parentArray) {\n         p.aMethod();\n      }\n   }\n}"
            },
            "test/output.txt" : {
              "name" : "test/output.txt",
              "placeholders" : [ ],
              "is_visible" : false,
              "text" : "I am: Jim\nI am: Kevin\n/I like to: Count Seconds\nI am: Jeanine\n/I like to: Ski\nI am: Maurice\n"
            },
            "src/Child.java" : {
              "name" : "src/Child.java",
              "placeholders" : [
                {
                  "offset" : 139,
                  "length" : 10,
                  "possible_answer" : "super(name);\n        favouriteActivity = activity;",
                  "placeholder_text" : "/* TODO */"
                },
                {
                  "offset" : 193,
                  "length" : 10,
                  "possible_answer" : "super.aMethod();\n        System.out.println(\"/I like to: \" + favouriteActivity);",
                  "placeholder_text" : "/* TODO */"
                }
              ],
              "is_visible" : true,
              "text" : "public class Child extends Parent {\n\n    private final String favouriteActivity;\n\n    public Child(String name, String activity) {\n        /* TODO */\n    }\n\n    public void aMethod() {\n        /* TODO */\n    }\n}\n"
            },
            "src/Parent.java" : {
              "name" : "src/Parent.java",
              "placeholders" : [
                {
                  "offset" : 157,
                  "length" : 10,
                  "possible_answer" : "System.out.println(\"I am: \" + name);",
                  "placeholder_text" : "/* TODO */"
                }
              ],
              "is_visible" : true,
              "text" : "public class Parent {\n\n    private final String name;\n\n    public Parent(String name) {\n        this.name = name;\n    }\n\n    public void aMethod() {\n        /* TODO */\n    }\n}\n"
            }
          },
          "description_text" : "<html>\n<head>\n    <style type =\"text/css\">\n       .footer{\n           position: fixed;\n           text-align: left;\n           line-height: 1.5;\n           bottom: 0px;\n           left: 5px;\n           width: 100%;\n       }\n        </style>\n    <style type =\"text/css\">\n       .body {\n           padding-bottom: 200px;\n       }\n    </style>\n</head>\n<body>\n<div class=\"body\">\n    <h1>Lab 6 - More Inheritance and Composition, Polymorphism</h1>\n    <p>Authors: <strong>Martin Klamrowski</strong>, <strong>Cristina Ruiz Martin</strong></p>\n    <p>Relevant textbook reading - <strong>Chapter 7</strong> (The Object Oriented Thought Process)</p>\n    <h3>~1.0 Polymorphism Basics~</h3>\n    <p>\n        This lab will be an introduction to polymorphism in Java. It will also provide more practice in inheritance and\n        composition. Lab 7 will provide more detail and more advanced concepts relating to polymorphism in Java.\n    </p>\n    <p>\n        In Java, polymorphism is mainly achieved via <strong>method overloading</strong> and\n        <strong>method overriding</strong>. What does this mean? At a high level, polymorphism refers to an object's\n        ability to take on \"many forms\". I.e., an object of a particular class can also behave as if it were a member of\n        another class.\n    </p>\n    <h3>~Task 1.3~</h3>\n    <p>\n        Even though we override the superclass method, we may still want to call upon its functionality. We can do this\n        using <code>super</code>, which was presented in Lab 5.\n    </p>\n    <p>\n        Modify the classes as necessary so that the correct output is produced. Do not modify <code>Main.java</code>.\n    </p>\n    <p>\n        Correct output:<br>\n        <code>I am: Jim<br>\n            I am: Kevin<br>/I like to: Count Seconds<br>\n            I am: Jeanine<br>/I like to: Ski<br>\n            I am: Maurice\n        </code>\n    </p>\n    <p>\n        What would happen if you removed <code>aMethod()</code> from the Child class and ran the code again?\n    </p>\n</div>\n\n</body>\n<div class=\"footer\">\n    <p>\n<!--        <strong>Question:</strong> What would happen if you removed <code>aMethod()</code> from the Child class and ran-->\n<!--        the code again?-->\n    </p>\n</div>\n\n</html>",
          "description_format" : "HTML",
          "feedback_link" : {
            "link_type" : "STEPIK"
          },
          "task_type" : "output"
        },
        {
          "choiceOptions" : [
            {
              "text" : "The code would throw an UnknownAttributeError, because Child does not have the required method anymore.",
              "status" : "INCORRECT"
            },
            {
              "text" : "I am: Jim, I am: Kevin, I am: Jeanine, I am: Maurice",
              "status" : "CORRECT"
            },
            {
              "text" : "There would be no difference from the output in Task 1.3.",
              "status" : "INCORRECT"
            },
            {
              "text" : "\"\" - empty String.",
              "status" : "INCORRECT"
            }
          ],
          "isMultipleChoice" : false,
          "name" : "1.4",
          "files" : {
            "src/Main.java" : {
              "name" : "src/Main.java",
              "placeholders" : [ ],
              "is_visible" : true,
              "text" : "public class Main {\n   public static void main(String[] args) {\n      // ...\n   }\n}"
            }
          },
          "description_text" : "<html>\n<head>\n    <style type =\"text/css\">\n       .footer{\n           position: fixed;\n           text-align: left;\n           line-height: 1.5;\n           bottom: 0px;\n           left: 5px;\n           width: 100%;\n       }\n        </style>\n    <style type =\"text/css\">\n       .body {\n           padding-bottom: 200px;\n       }\n    </style>\n</head>\n<body>\n<div class=\"body\">\n    <h1>Lab 6 - More Inheritance and Composition, Polymorphism</h1>\n    <p>Authors: <strong>Martin Klamrowski</strong>, <strong>Cristina Ruiz Martin</strong></p>\n    <p>Relevant textbook reading - <strong>Chapter 7</strong> (The Object Oriented Thought Process)</p>\n    <h3>~1.0 Polymorphism Basics~</h3>\n    <p>\n        This lab will be an introduction to polymorphism in Java. It will also provide more practice in inheritance and\n        composition. Lab 7 will provide more detail and more advanced concepts relating to polymorphism in Java.\n    </p>\n    <p>\n        In Java, polymorphism is mainly achieved via <strong>method overloading</strong> and\n        <strong>method overriding</strong>. What does this mean? At a high level, polymorphism refers to an object's\n        ability to take on \"many forms\". I.e., an object of a particular class can also behave as if it were a member of\n        another class.\n    </p>\n    <h3>~Task 1.4~</h3>\n    <p>\n        Answer the MC question below.\n    </p>\n</div>\n\n</body>\n<div class=\"footer\">\n    <p>\n        <strong>Question:</strong> What would happen if you removed <code>aMethod()</code> from the Child class and ran\n        the code from Task 1.3 again?\n    </p>\n</div>\n\n</html>",
          "description_format" : "HTML",
          "feedback_link" : {
            "link_type" : "STEPIK"
          },
          "task_type" : "choice"
        },
        {
          "choiceOptions" : [
            {
              "text" : "<code>public void aMethod(String customActivity)</code>",
              "status" : "CORRECT"
            },
            {
              "text" : "<code>public String aMethod(String customActivity)</code>",
              "status" : "CORRECT"
            },
            {
              "text" : "<code>public void aMethod(String customActivity, int rank)</code>",
              "status" : "CORRECT"
            },
            {
              "text" : "<code>public String aMethod()</code>",
              "status" : "INCORRECT"
            }
          ],
          "isMultipleChoice" : true,
          "name" : "1.5",
          "files" : {
            "src/Main.java" : {
              "name" : "src/Main.java",
              "placeholders" : [ ],
              "is_visible" : true,
              "text" : "public class Main {\n   public static void main(String[] args) {\n\n      Parent[] parentArray = {\n              new Parent(\"Jim\"),\n              new Child(\"Kevin\", \"Count Seconds\"),\n              new Child(\"Jeanine\", \"Ski\"),\n              new Parent(\"Maurice\")};\n\n      for (Parent p : parentArray) {\n         p.aMethod();\n      }\n   }\n}"
            },
            "src/Child.java" : {
              "name" : "src/Child.java",
              "placeholders" : [ ],
              "is_visible" : true,
              "text" : "public class Child extends Parent {\n\n    private final String favouriteActivity;\n\n    public Child(String name, String activity) {\n        super(name);\n        favouriteActivity = activity;\n    }\n\n    public void aMethod() {\n        super.aMethod();\n        System.out.println(\"/I like to: \" + favouriteActivity);\n    }\n}\n"
            },
            "src/Parent.java" : {
              "name" : "src/Parent.java",
              "placeholders" : [ ],
              "is_visible" : true,
              "text" : "public class Parent {\n\n    private final String name;\n\n    public Parent(String name) {\n        this.name = name;\n    }\n\n    public void aMethod() {\n        System.out.println(\"I am: \" + name);\n    }\n}\n"
            }
          },
          "description_text" : "<html>\n<head>\n    <style type =\"text/css\">\n       .footer{\n           position: fixed;\n           text-align: left;\n           line-height: 1.5;\n           bottom: 0px;\n           left: 5px;\n           width: 100%;\n       }\n        </style>\n    <style type =\"text/css\">\n       .body {\n           padding-bottom: 200px;\n       }\n    </style>\n</head>\n<body>\n<div class=\"body\">\n    <h1>Lab 6 - More Inheritance and Composition, Polymorphism</h1>\n    <p>Authors: <strong>Martin Klamrowski</strong>, <strong>Cristina Ruiz Martin</strong></p>\n    <p>Relevant textbook reading - <strong>Chapter 7</strong> (The Object Oriented Thought Process)</p>\n    <h3>~1.0 Polymorphism Basics~</h3>\n    <p>\n        This lab will be an introduction to polymorphism in Java. It will also provide more practice in inheritance and\n        composition. Lab 7 will provide more detail and more advanced concepts relating to polymorphism in Java.\n    </p>\n    <p>\n        In Java, polymorphism is mainly achieved via <strong>method overloading</strong> and\n        <strong>method overriding</strong>. What does this mean? At a high level, polymorphism refers to an object's\n        ability to take on \"many forms\". I.e., an object of a particular class can also behave as if it were a member of\n        another class.\n    </p>\n    <h3>~Task 1.5~</h3>\n    <p>\n        The previous examples demonstrated method overriding. In Java, we can also overload methods. Unlike method\n        overriding, which occurs between superclass and subclass, method overloading can be done between superclass and\n        subclass and within the same class.\n    </p>\n    <p>\n        To overload a method we must specify different parameters but have the same method name. Method overloading\n        enables us to have methods with the same name, but different parameters and return types. This is also what is\n        meant by overloaded constructors: different constructors with different parameters and parameter types.\n    </p>\n    <p>\n        Answer the MC question below.\n    </p>\n</div>\n\n</body>\n<div class=\"footer\">\n    <p>\n        <strong>Question:</strong> Which of the following method signatures is a valid overload of\n        <code>aMethod()</code> in the Child class?\n    </p>\n</div>\n\n</html>",
          "description_format" : "HTML",
          "feedback_link" : {
            "link_type" : "STEPIK"
          },
          "task_type" : "choice"
        }
      ],
      "type" : "lesson"
    },
    {
      "title" : "2.0 The Post Class",
      "task_list" : [
        {
          "name" : "2.1",
          "files" : {
            "src/Main.java" : {
              "name" : "src/Main.java",
              "placeholders" : [ ],
              "is_visible" : true,
              "text" : "public class Main {\n   public static void main(String[] args) {\n      // ...\n   }\n}"
            },
            "src/Post.java" : {
              "name" : "src/Post.java",
              "placeholders" : [ ],
              "is_visible" : true,
              "text" : "// STUDENT NAME\n// STUDENT NUMBER\npublic class Post {\n\n}\n"
            }
          },
          "description_text" : "<html>\n<head>\n    <style type =\"text/css\">\n       .footer{\n           position: fixed;\n           text-align: left;\n           line-height: 1.5;\n           bottom: 0px;\n           left: 5px;\n           width: 100%;\n       }\n        </style>\n    <style type =\"text/css\">\n       .body {\n           padding-bottom: 200px;\n       }\n    </style>\n</head>\n<body>\n<div class=\"body\">\n    <h1>Lab 6 - More Inheritance and Composition, Polymorphism</h1>\n    <p>Authors: <strong>Martin Klamrowski</strong>, <strong>Cristina Ruiz Martin</strong></p>\n    <p>Relevant textbook reading - <strong>Chapter 7</strong> (The Object Oriented Thought Process)</p>\n    <h3>~2.0 The Post Class~</h3>\n    <p>\n        In this section you will be building the Post class that will form the basis of this lab's Lab Problem.\n    </p>\n    <h3>~Task 2.1~</h3>\n    <p>\n        The Post class models a post that you might see on a social media website. There will be a number of different\n        types of posts (PollPost, VideoPost, MessagePost) which will all derive their basic behaviour from\n        the Post class. These posts can be added to the PostWall for public viewing.\n    </p>\n    <p>\n        A Post should have an <code>author</code>, <code>time</code>, <code>content</code>, a list of\n        <code>reactions</code>, and a list of <code>comments</code>.\n    </p>\n    <p>\n        A Post should have a single constructor that takes in the <code>author</code> and <code>content</code> and\n        initializes the other fields to some default values (empty list, 0, empty string, etc.). <code>time</code>\n        should be set to the current time (it never changes). For help on this consult:\n        <a href=\"https://docs.oracle.com/javase/8/docs/api/java/util/Calendar.html#getTime--\">Oracle Docs: Calendar</a>.\n\n    </p>\n    <p>\n        <code>reactions</code> must keep track of the \"reactions\" users have to a post. These are limited to all of the\n        basic human emotions, namely: =), =|, =(, =O -\n        there are only\n        four possible reactions. You can copy these emojis into your code.\n    </p>\n    <p>\n        As you may have realized, <code>comments</code> will be Comments. To avoid errors for now, you will need to\n        create a Comment class. A Comment should have an <code>author</code>, <code>content</code>, and a\n        <code>time</code>.\n    </p>\n</div>\n\n</body>\n<!--<div class=\"footer\">-->\n<!--    <p>-->\n<!--        <strong>Question:</strong> What would happen if you removed <code>aMethod()</code> from the Child class and ran-->\n<!--        the code again?-->\n<!--    </p>-->\n<!--</div>-->\n\n</html>",
          "description_format" : "HTML",
          "feedback_link" : {
            "link_type" : "STEPIK"
          },
          "task_type" : "theory"
        },
        {
          "name" : "2.2",
          "files" : {
            "src/Main.java" : {
              "name" : "src/Main.java",
              "placeholders" : [ ],
              "is_visible" : true,
              "text" : "public class Main {\n   public static void main(String[] args) {\n\n      Post p = new Post(\"Chris Mascarolls\", \"Deck the halls.\");\n\n      for (int i = 0; i < 32; i++) {\n         p.react(0);\n      }\n\n      for (int i = 0; i < 13; i++) {\n         p.react(1);\n      }\n\n      p.react(2);\n\n      p.addComment(new Comment(\"Wanda Nauwittol\", \"What are your plans?!\"));\n      p.addComment(new Comment(\"Jude Alkingtomie\", \"Yay!\"));\n      p.addComment(new Comment(\"Grinch Grinch\", \"Nope!\"));\n\n      p.display();\n   }\n}"
            },
            "test/output.txt" : {
              "name" : "test/output.txt",
              "placeholders" : [ ],
              "is_visible" : false,
              "text" : "Chris Mascarolls on (DATE):\n'Deck the halls.'\n=)(32) =|(13) =((1) =O(0)\nComments:\n-> 'What are your plans?!' - Wanda Nauwittol (DATE)\n-> 'Yay!' - Jude Alkingtomie (DATE)\n-> 'Nope!' - Grinch Grinch (DATE)\n\n"
            },
            "src/Post.java" : {
              "name" : "src/Post.java",
              "placeholders" : [ ],
              "is_visible" : true,
              "text" : "// STUDENT NAME\n// STUDENT NUMBER\npublic class Post {\n\n    public void display() {\n\n        /*TODO*/\n\n        String s = String.format(\n                \"%s on (%s):\\n\" +\n                \"'%s'\\n\" +\n                \"=)(%d) =|(%d) =((%d) =O(%d)\\n\" +\n                \"Comments:\\n\" +\n                \"%s\"\n                , \"\", \"\", \"\", 0, 0, 0, 0, \"\"    // add the required values here\n        );\n        System.out.println(s);\n    }\n}\n"
            }
          },
          "description_text" : "<html>\n<head>\n    <style type =\"text/css\">\n       .footer{\n           position: fixed;\n           text-align: left;\n           line-height: 1.5;\n           bottom: 0px;\n           left: 5px;\n           width: 100%;\n       }\n        </style>\n    <style type =\"text/css\">\n       .body {\n           padding-bottom: 200px;\n       }\n    </style>\n</head>\n<body>\n<div class=\"body\">\n    <h1>Lab 6 - More Inheritance and Composition, Polymorphism</h1>\n    <p>Authors: <strong>Martin Klamrowski</strong>, <strong>Cristina Ruiz Martin</strong></p>\n    <p>Relevant textbook reading - <strong>Chapter 7</strong> (The Object Oriented Thought Process)</p>\n    <h3>~2.0 The Post Class~</h3>\n    <p>\n        In this section you will be building the Post class that will form the basis of this lab's Lab Problem.\n    </p>\n    <h3>~Task 2.2~</h3>\n    <p>\n        It is a good idea to include accessor methods for all of Post's fields.\n    </p>\n    <p>\n        Post has some important methods:\n    </p>\n    <ul>\n        <li>\n            <code>react()</code>:\n            <ul>\n                <li>\n                    This method adds a specified reaction (one of the emojis) to <code>reactions</code>.\n                </li>\n                <li>\n                    This method does not return anything.\n                </li>\n            </ul>\n        </li>\n        <li>\n            <code>addComment()</code>:\n            <ul>\n                <li>\n                    This method adds a new comment to <code>comments</code>.\n                </li>\n                <li>\n                    This method does not return anything. A CommentPost is passed as a parameter.\n                </li>\n            </ul>\n        </li>\n        <li>\n            <code>display()</code>:\n            <ul>\n                <li>\n                    This method displays the Post and all of its relevant information textually.\n                </li>\n                <li>\n                    The format of a Post will look like this:<br><br>\n                    <code>\n                        Chris Mascarolls on (Sat Dec 24 20:47:32 EST 2020):<br>\n                        'Deck the halls.'<br>\n                        =)(32) =|(13) =((1) =O(0)<br>\n                        Comments:<br>\n                        -> 'What are your plans?!' - Wanda Nauwittol (Sat Dec 24 20:47:33 EST 2020)<br>\n                        -> 'Yay!' - Jude Alkingtomie (Sat Dec 24 20:48:32 EST 2020)<br>\n                        -> 'Nope!' - Grinch Grinch (Sat Dec 24 24:48:32 EST 2020)<br>\n                    </code><br>\n                    The String format is already created for you in this section's Post class. You just need to insert\n                    the correct information inside <code>String.format()</code>. <i>Note: for validation purposes,\n                    just put in \"DATE\"; the date will vary depending on when you complete this lab.</i>\n                </li>\n                <li>\n                    You can get the time in the above format by consulting the documentation for the java.util.Calendar\n                    class:\n                    <a href=\"https://docs.oracle.com/javase/8/docs/api/java/util/Calendar.html#getTime--\">Oracle Docs: Calendar</a>.\n                </li>\n                <li>\n                    Remember to bring over <code>Comment.java</code> from Task 2.1.\n                </li>\n            </ul>\n        </li>\n    </ul>\n    If you implemented the above correctly, the code in <code>Main.java</code> should validate correctly upon clicking\n    'Check' below.\n</div>\n\n</body>\n<!--<div class=\"footer\">-->\n<!--    <p>-->\n<!--        <strong>Question:</strong> What would happen if you removed <code>aMethod()</code> from the Child class and ran-->\n<!--        the code again?-->\n<!--    </p>-->\n<!--</div>-->\n\n</html>",
          "description_format" : "HTML",
          "feedback_link" : {
            "link_type" : "STEPIK"
          },
          "task_type" : "output"
        }
      ],
      "type" : "lesson"
    },
    {
      "title" : "3.0 Lab Problem",
      "task_list" : [
        {
          "name" : "3.1",
          "files" : {
            "src/Main.java" : {
              "name" : "src/Main.java",
              "placeholders" : [ ],
              "is_visible" : true,
              "text" : "public class Main {\n   public static void main(String[] args) {\n      // ...\n   }\n}"
            }
          },
          "description_text" : "<html>\n<head>\n    <style type =\"text/css\">\n        .footer {\n            position: fixed;\n            text-align: left;\n            bottom: 0px;\n            left: 5px;\n            width: 100%;\n        }\n    </style>\n    <style type =\"text/css\">\n       .body {\n            padding-bottom: 50px;\n       }\n    </style>\n    <style>\n       .preamble {\n            border: 5px rgb(255, 0, 0) dashed;\n            padding: 5px;\n            display: block;\n       }\n    </style>\n</head>\n<body>\n<div class=\"body\">\n    <h1>Lab 6 - More Inheritance and Composition, Polymorphism</h1>\n    <p>Authors: <strong>Martin Klamrowski</strong>, <strong>Cristina Ruiz Martin</strong></p>\n    <p>Relevant textbook reading - <strong>Chapter 7</strong> (The Object Oriented Thought Process)</p>\n    <h3>~3.0 Lab Problem~</h3>\n    <div class=\"preamble\">\n        <p>\n            You must submit your solution to this problem on CuLearn.\n            <strong>\n                YOU MUST INCLUDE YOUR FULL NAME AND STUDENT NUMBER IN COMMENTS AT THE\n                HEAD OF EVERY FILE YOU SUBMIT\n            </strong>.\n        </p>\n        <p>\n            Submit <strong><u><i>ONLY</i></u></strong> the files specified at the end of this big red box. The files\n            and code within should be completed according to the specifications made <i>throughout</i> the Lab, and only\n            the final versions should be submitted. I.e., if Task 55.23 tells you to add accessor methods to MyClass,\n            you are required to include that code if MyClass needs to be submitted as part of the solution to the\n            Lab Problem (<strong>unless</strong> a later Task or the Lab Problem state otherwise).\n        </p>\n        <p>\n            Do not include redundant methods. Do not include methods that are not asked for or necessary. Some Lab\n            Problems will not explicitly state you need accessor methods, but these methods may be necessary.\n        </p>\n        <p>\n            Now that you have learned how to document code, you need to document your classes for full marks!\n            <strong>This is applicable from Lab 4 until the end of the course.</strong>\n        </p>\n        <p>\n            If you choose to complete the problem in this environment, the files can be\n            retrieved by right-clicking '3.0 Lab Problem'>Show in Files/Explorer.\n        </p>\n        <p>\n            Submit <strong>PostWall.java</strong>, <strong>VideoPost.java</strong>, <strong>PollPost.java</strong>,\n            <strong>MessagePost.java</strong>, <strong>Comment.java</strong>\n            when you are done.\n        </p>\n    </div>\n    <h3>~Problem 3.1~</h3>\n    <p>\n        In this problem you will be coding the PostWall class.\n    </p>\n    <p>\n        A PostWall object is composed of (or an aggregation of) many Post objects. These Post objects should be arranged\n        in a vertical fashion, separated by a divider.\n    </p>\n    <p>\n        PostWall has some methods:\n    </p>\n    <ul>\n        <li>\n            <code>generate()</code>\n            <ul>\n                <li>\n                    This method should generate the current \"wall\" made up of all the posts contained in the PostWall\n                    object.\n                </li>\n                <li>\n                    It should be printed out vertically, by calling each Post's <code>display()</code> method. Posts\n                    should be separated by a divider.\n                </li>\n            </ul>\n        </li>\n        <li>\n            <code>addPost()</code>\n            <ul>\n                <li>\n                    This method must take a Post object and add it to the PostWall's list of Posts.\n                </li>\n                <li>\n                    Remember, a post can be any of the above Post subtypes (VideoPost, MessagePost, PollPost).\n                </li>\n            </ul>\n        </li>\n    </ul>\n</div>\n</body>\n<!--<div class=\"footer\">-->\n<!--    &lt;!&ndash;<strong>You can run your code here.</strong>&ndash;&gt;-->\n<!--</div>-->\n\n</html>",
          "description_format" : "HTML",
          "feedback_link" : {
            "link_type" : "STEPIK"
          },
          "task_type" : "theory"
        },
        {
          "name" : "3.1 (continued)",
          "files" : {
            "src/Main.java" : {
              "name" : "src/Main.java",
              "placeholders" : [ ],
              "is_visible" : true,
              "text" : "public class Main {\n   public static void main(String[] args) {\n      // ...\n   }\n}"
            },
            "src/Post.java" : {
              "name" : "src/Post.java",
              "placeholders" : [ ],
              "is_visible" : true,
              "text" : "// STUDENT NAME\n// STUDENT NUMBER\npublic class Post {\n\n}\n"
            },
            "src/MessagePost.java" : {
              "name" : "src/MessagePost.java",
              "placeholders" : [ ],
              "is_visible" : true,
              "text" : "// STUDENT NAME\n// STUDENT NUMBER\npublic class MessagePost {\n\n}\n"
            },
            "src/VideoPost.java" : {
              "name" : "src/VideoPost.java",
              "placeholders" : [ ],
              "is_visible" : true,
              "text" : "// STUDENT NAME\n// STUDENT NUMBER\npublic class VideoPost {\n\n}\n"
            },
            "src/PostWall.java" : {
              "name" : "src/PostWall.java",
              "placeholders" : [ ],
              "is_visible" : true,
              "text" : "// STUDENT NAME\n// STUDENT NUMBER\npublic class PostWall {\n\n}\n"
            },
            "src/PollPost.java" : {
              "name" : "src/PollPost.java",
              "placeholders" : [ ],
              "is_visible" : true,
              "text" : "// STUDENT NAME\n// STUDENT NUMBER\npublic class PollPost extends Post {\n\n}\n"
            },
            "src/StringIntPair.java" : {
              "name" : "src/StringIntPair.java",
              "placeholders" : [ ],
              "is_visible" : true,
              "text" : "// STUDENT NAME\n// STUDENT NUMBER\npublic class StringIntPair {\n    public final String s;\n    public final int i;\n\n    public StringIntPair(String s, int i) {\n        this.s = s;\n        this.i = i;\n    }\n}\n"
            },
            "src/Comment.java" : {
              "name" : "src/Comment.java",
              "placeholders" : [ ],
              "is_visible" : true,
              "text" : "// STUDENT NAME\n// STUDENT NUMBER\npublic class Comment {\n\n}\n"
            }
          },
          "description_text" : "<html>\n<head>\n    <style type =\"text/css\">\n        .footer {\n            position: fixed;\n            text-align: left;\n            bottom: 0px;\n            left: 5px;\n            width: 100%;\n        }\n    </style>\n    <style type =\"text/css\">\n       .body {\n            padding-bottom: 50px;\n       }\n    </style>\n    <style>\n       .preamble {\n            border: 5px rgb(255, 0, 0) dashed;\n            padding: 5px;\n            display: block;\n       }\n    </style>\n</head>\n<body>\n<div class=\"body\">\n    <h1>Lab 6 - More Inheritance and Composition, Polymorphism</h1>\n    <p>Authors: <strong>Martin Klamrowski</strong>, <strong>Cristina Ruiz Martin</strong></p>\n    <p>Relevant textbook reading - <strong>Chapter 7</strong> (The Object Oriented Thought Process)</p>\n    <h3>~3.0 Lab Problem~</h3>\n    <div class=\"preamble\">\n        <p>\n            You must submit your solution to this problem on CuLearn.\n            <strong>\n                YOU MUST INCLUDE YOUR FULL NAME AND STUDENT NUMBER IN COMMENTS AT THE\n                HEAD OF EVERY FILE YOU SUBMIT\n            </strong>.\n        </p>\n        <p>\n            Submit <strong><u><i>ONLY</i></u></strong> the files specified at the end of this big red box. The files\n            and code within should be completed according to the specifications made <i>throughout</i> the Lab, and only\n            the final versions should be submitted. I.e., if Task 55.23 tells you to add accessor methods to MyClass,\n            you are required to include that code if MyClass needs to be submitted as part of the solution to the\n            Lab Problem (<strong>unless</strong> a later Task or the Lab Problem state otherwise).\n        </p>\n        <p>\n            Do not include redundant methods. Do not include methods that are not asked for or necessary. Some Lab\n            Problems will not explicitly state you need accessor methods, but these methods may be necessary.\n        </p>\n        <p>\n            Now that you have learned how to document code, you need to document your classes for full marks!\n            <strong>This is applicable from Lab 4 until the end of the course.</strong>\n        </p>\n        <p>\n            If you choose to complete the problem in this environment, the files can be\n            retrieved by right-clicking '3.0 Lab Problem'>Show in Files/Explorer.\n        </p>\n        <p>\n            Submit <strong>PostWall.java</strong>, <strong>VideoPost.java</strong>, <strong>PollPost.java</strong>,\n            <strong>MessagePost.java</strong>, <strong>Comment.java</strong>\n            when you are done.\n        </p>\n    </div>\n    <h3>~Problem 3.1 (continued)~</h3>\n    <p>\n        This is Problem 3.1 continued. You will be coding the VideoPost, PollPost, MessagePost, Comment classes.\n    </p>\n    <p>\n        You need to determine which of these classes should subclass Post. Feel free to completely refactor the Post\n        class to make effective use of method overrides and overloads. You can assume an instance of Post will never be\n        used in the PostWall, i.e. it will always be a VideoPost, PollPost, or MessagePost. In the future, Post would be\n        a good candidate for an interface. In general, you should always code against an interface when implementing your\n        polymorphic behaviour. But this is a topic for a future lab.\n    </p>\n    <p>\n        While inheritance is a viable strategy for this lab, composition could be a better solution. We will stick to\n        inheritance for this lab because we want to be able to handle Post objects in a polymorphic manner within the\n        PostWall class (we want to be able to call <code>display()</code> across all Posts on the wall).\n    </p>\n    <ul>\n        <li>\n            <strong>Comment:</strong>\n            <ul>\n                <li>\n                    This is a class that will be used to model comments. Comments get displayed on other posts, never\n                    on their own.\n                </li>\n                <li>\n                    A Comment has a message (could be <code>content</code>), an <code>author</code>, and a\n                    <code>time</code>.\n                </li>\n                <li>\n                    A Comment cannot be commented on. A Comment cannot be reacted to.\n                </li>\n            </ul>\n        </li>\n        <li>\n            <strong>VideoPost:</strong>\n            <ul>\n                <li>\n                    This subtype of Post is very similar to its superclass. A disclaimer\n                    should be displayed above the <strong>entire</strong> post (i.e. on top of it). The disclaimer\n                    should say \"VIEWER DISCRETION ADVISED\" if it is set when the VideoPost is instantiated.\n                </li>\n                <li>\n                    Content in a VideoPost will be a url. These should simply be Strings.\n                </li>\n            </ul>\n        </li>\n        <li>\n            <strong>PollPost:</strong>\n            <ul>\n                <li>\n                    This subtype of Post is different in that it can be \"reacted\" to in two ways. This post should still\n                    be displayed with the emoji counters, but users can also submit a String answer. These will\n                    typically be a single word and can be anything!\n                </li>\n                <li>\n                    A PollPost should have a poll question and answers to the poll question as its content section.\n                </li>\n                <li>\n                    Notice the answers contain a count next to them, and they are not sorted. You can use the\n                    StringIntPair class provided to simplify your collection of poll answers in PollPost.\n                </li>\n            </ul>\n        </li>\n        <li>\n            <strong>MessagePost:</strong>\n            <ul>\n                <li>\n                    This subtype of Post should essentially be the Post class you created in section 2.0. It should have\n                    a message as <code>content</code> and display identically to the Post class from section 2.0.\n                </li>\n            </ul>\n        </li>\n    </ul>\n    <p>\n        A call to <code>PostWall.generate()</code> with an example of each type of post is displayed below for\n        reference.<br><br>\n        <code>\n            Chris Mascarolls on (Sun Dec 06 14:24:06 EST 2020):<br>\n            'Deck the halls.'<br>\n            =)(32) =|(13) =((1) =O(0)<br>\n            Comments:<br>\n            -> 'What are your plans?!' - Wanda Nauwittol (Sun Dec 06 14:24:06 EST 2020)<br>\n            -> 'Yay!' - Jude Alkingtomie (Sun Dec 06 14:24:06 EST 2020)<br>\n            -> 'Nope!' - Grinch Grinch (Sun Dec 06 14:24:06 EST 2020)<br>\n            <br>\n            --------------------------------------------------<br>\n            -VIEWER DISCRETION ADVISED-<br>\n            Grinch Grinch on (Sun Dec 06 14:24:06 EST 2020):<br>\n            'This bumps! https://www.youtube.com/watch?v=GAs67cRfmQI&ab_channel=Tyler%2CTheCreator-Topic'<br>\n            =)(1) =|(13) =((0) =O(0)<br>\n            Comments:<br>\n            <br>\n            --------------------------------------------------<br>\n            Wanda Nauwittol on (Sun Dec 06 14:24:06 EST 2020):<br>\n            'What's everyone doing for Christmas Break!?'<br>\n            Eat! (2)<br>\n            Eat (1)<br>\n            Celebrate (2)<br>\n            Not study! (3)<br>\n            =)(5) =|(3) =((1) =O(0)<br>\n            Comments:<br>\n            -> 'Yes.' - Jude Alkingtomie (Sun Dec 06 14:24:06 EST 2020)<br>\n            -> 'Nothing... >:)' - Grinch Grinch (Sun Dec 06 14:24:06 EST 2020)<br>\n            <br>\n            --------------------------------------------------\n        </code>\n    </p>\n</div>\n</body>\n<!--<div class=\"footer\">-->\n<!--    &lt;!&ndash;<strong>You can run your code here.</strong>&ndash;&gt;-->\n<!--</div>-->\n\n</html>",
          "description_format" : "HTML",
          "feedback_link" : {
            "link_type" : "STEPIK"
          },
          "task_type" : "theory"
        }
      ],
      "type" : "lesson"
    }
  ],
  "additional_files" : [
    {
      "name" : "build.gradle",
      "placeholders" : [ ],
      "is_visible" : true,
      "text" : "buildscript {\n    repositories {\n        mavenCentral()\n    }\n}\n\ndef printOutput(def output) {\n    return tasks.create(\"printOutput\") {\n        for (line in output.toString().readLines()) {\n            println \"#educational_plugin\" + line\n        }\n    }\n}\n\nsubprojects {\n    apply plugin: 'application'\n    apply plugin: 'java'\n\n    sourceCompatibility = 1.8\n\n    repositories {\n        mavenCentral()\n    }\n\n    dependencies {\n        testCompile group: 'junit', name: 'junit', version: '4.12'\n    }\n\n    sourceSets {\n        main {\n            java.srcDir 'src'\n        }\n        test {\n            java.srcDir 'test'\n        }\n    }\n\n    mainClassName = project.hasProperty(\"mainClass\") ? project.getProperty(\"mainClass\") : \"\"\n\n    def runOutput = new ByteArrayOutputStream()\n    tasks.run.setStandardOutput(runOutput)\n    tasks.run.doLast { printOutput(runOutput) }\n}\n\nproject(':util') {\n    dependencies {\n        compile group: 'junit', name: 'junit', version: '4.12'\n    }\n}\n\nconfigure(subprojects.findAll {it.name != 'util'}) {\n  dependencies {\n    compile project(':util').sourceSets.main.output\n    testCompile project(':util').sourceSets.test.output\n  }\n}\n"
    }
  ],
  "version" : 11
}